bam_file	chimeric_file	reads_per_gene_file	positive_fusions
"/home/martin.saavedra/datasets/breast_cancer/SRR064286_MCF-7/STAR_37/sample_Aligned.sortedByCoord.out.bam"	"/home/martin.saavedra/datasets/breast_cancer/SRR064286_MCF-7/STAR_37/sample_Chimeric.out.junction"	"/home/martin.saavedra/datasets/breast_cancer/SRR064286_MCF-7/STAR_37/sample_ReadsPerGene.out.tab"	BCAS4:BCAS3;ARFGEF2:SULF2;RPS6KB1:VMP1
"/home/martin.saavedra/datasets/breast_cancer/SRR064287_KPL-4/STAR_37/sample_Aligned.sortedByCoord.out.bam"	"/home/martin.saavedra/datasets/breast_cancer/SRR064287_KPL-4/STAR_37/sample_Chimeric.out.junction"	"/home/martin.saavedra/datasets/breast_cancer/SRR064287_KPL-4/STAR_37/sample_ReadsPerGene.out.tab"	BSG:NFIX;PPP1R12A:SEPTIN10;NOTCH1:NUP214
"/home/martin.saavedra/datasets/breast_cancer/SRR064438_BT-474/STAR_37/sample_Aligned.sortedByCoord.out.bam"	"/home/martin.saavedra/datasets/breast_cancer/SRR064438_BT-474/STAR_37/sample_Chimeric.out.junction"	"/home/martin.saavedra/datasets/breast_cancer/SRR064438_BT-474/STAR_37/sample_ReadsPerGene.out.tab"	ACACA:STAC2;RPS6KB1:SNF8;VAPB:IKZF3;ZMYND8:CEP250;SKA2:MYO19;LAMP1:MCF2L;GLB1:CMTM7;CPNE1:PI3
"/home/martin.saavedra/datasets/breast_cancer/SRR064439_BT-474/STAR_37/sample_Aligned.sortedByCoord.out.bam"	"/home/martin.saavedra/datasets/breast_cancer/SRR064439_BT-474/STAR_37/sample_Chimeric.out.junction"	"/home/martin.saavedra/datasets/breast_cancer/SRR064439_BT-474/STAR_37/sample_ReadsPerGene.out.tab"	ACACA:STAC2;RPS6KB1:SNF8;VAPB:IKZF3;ZMYND8:CEP250;SKA2:MYO19;LAMP1:MCF2L;GLB1:CMTM7;CPNE1:PI3
"/home/martin.saavedra/datasets/breast_cancer/SRR064440_SK-BR-3/STAR_37/sample_Aligned.sortedByCoord.out.bam"	"/home/martin.saavedra/datasets/breast_cancer/SRR064440_SK-BR-3/STAR_37/sample_Chimeric.out.junction"	"/home/martin.saavedra/datasets/breast_cancer/SRR064440_SK-BR-3/STAR_37/sample_ReadsPerGene.out.tab"	TATDN1:GSDMB;ANKHD1:PCDH1;CCDC85C:SETD3;SUMF1:LRRFIP2;CYTH1:EIF3H;DHX35:ITCH
"/home/martin.saavedra/datasets/breast_cancer/SRR064441_SK-BR-3/STAR_37/sample_Aligned.sortedByCoord.out.bam"	"/home/martin.saavedra/datasets/breast_cancer/SRR064441_SK-BR-3/STAR_37/sample_Chimeric.out.junction"	"/home/martin.saavedra/datasets/breast_cancer/SRR064441_SK-BR-3/STAR_37/sample_ReadsPerGene.out.tab"	TATDN1:GSDMB;ANKHD1:PCDH1;CCDC85C:SETD3;SUMF1:LRRFIP2;CYTH1:EIF3H;DHX35:ITCH
"/home/martin.saavedra/datasets/synthetic/SRR1659951/STAR_37/sample_Aligned.sortedByCoord.out.bam"	"/home/martin.saavedra/datasets/synthetic/SRR1659951/STAR_37/sample_Chimeric.out.junction"	"/home/martin.saavedra/datasets/synthetic/SRR1659951/STAR_37/sample_ReadsPerGene.out.tab"	EWSR1:ATF1;TMPRSS2:ETV1;EWSR1:FLI1;NTRK3:ETV6;CD74:ROS1;HOOK3:RET;EML4:ALK;AKAP9:BRAF;BRD4:NUT
"/home/martin.saavedra/datasets/glioblastoma/SRR934746_CGGA_413/STAR_37/sample_Aligned.sortedByCoord.out.bam"	"/home/martin.saavedra/datasets/glioblastoma/SRR934746_CGGA_413/STAR_37/sample_Chimeric.out.junction"	"/home/martin.saavedra/datasets/glioblastoma/SRR934746_CGGA_413/STAR_37/sample_ReadsPerGene.out.tab"	AHCYL2:TMEM178B@chr7:129037165-chr7:141170336;CLASRP:SYMPK@chr19:45556435-chr19:46347458
"/home/martin.saavedra/datasets/glioblastoma/SRR934871_CGGA_1034/STAR_37/sample_Aligned.sortedByCoord.out.bam"	"/home/martin.saavedra/datasets/glioblastoma/SRR934871_CGGA_1034/STAR_37/sample_Chimeric.out.junction"	"/home/martin.saavedra/datasets/glioblastoma/SRR934871_CGGA_1034/STAR_37/sample_ReadsPerGene.out.tab"	AP2A2:SBF2@chr11:926088-chr11:9834255;AP2A2:SBF2@chr11:926088-chr11:9838571;CD81:SPAG6@chr11:2411756-chr10:22634652;RASSF7:SCUBE2@chr11:562776-chr11:9091042;SCUBE2:ZNF195@chr11:9041997-chr11:3400269;ZNF195:SCUBE2@chr11:3400267-chr11:9078046;ZNF195:SCUBE2@chr11:3400268-chr11:9081155
"/home/martin.saavedra/datasets/glioblastoma/SRR934965_CGGA_D36/STAR_37/sample_Aligned.sortedByCoord.out.bam"	"/home/martin.saavedra/datasets/glioblastoma/SRR934965_CGGA_D36/STAR_37/sample_Chimeric.out.junction"	"/home/martin.saavedra/datasets/glioblastoma/SRR934965_CGGA_D36/STAR_37/sample_ReadsPerGene.out.tab"	APEH:SHISA5@chr3:49714133-chr3:48511242;SFMBT1:CCRL2@chr3:53079832-chr3:46448880
"/home/martin.saavedra/datasets/glioblastoma/SRR934902_CGGA_1175/STAR_37/sample_Aligned.sortedByCoord.out.bam"	"/home/martin.saavedra/datasets/glioblastoma/SRR934902_CGGA_1175/STAR_37/sample_Chimeric.out.junction"	"/home/martin.saavedra/datasets/glioblastoma/SRR934902_CGGA_1175/STAR_37/sample_ReadsPerGene.out.tab"	B4GALNT3:DENND5B@chr12:569711-chr12:31605410;MED13L:GRIP1@chr12:116675273-chr12:66800208;B4GALNT3:DENND5B@chr12:569711-chr12:31600703;BCAT1:FIP1L1@chr12:25101861-chr4:54245392;C12orf5:KCNC2@chr12:4446324-chr12:75563492;GRIP1:SOX5@chr12:66773060-chr12:24233533;IFT81:ETNK1@chr12:110630511-chr12:22795755;MARCH9:SLCO1B7@chr12:58149457-chr12:21216401;MED13L:YEATS4@chr12:116675273-chr12:69775659;RNFT2:MYO1A@chr12:117271746-chr12:57440328
"/home/martin.saavedra/datasets/glioblastoma/SRR934842_CGGA_859/STAR_37/sample_Aligned.sortedByCoord.out.bam"	"/home/martin.saavedra/datasets/glioblastoma/SRR934842_CGGA_859/STAR_37/sample_Chimeric.out.junction"	"/home/martin.saavedra/datasets/glioblastoma/SRR934842_CGGA_859/STAR_37/sample_ReadsPerGene.out.tab"	BCR:LZTR1@chr22:23524426-chr22:21342299
"/home/martin.saavedra/datasets/glioblastoma/SRR934885_CGGA_1079/STAR_37/sample_Aligned.sortedByCoord.out.bam"	"/home/martin.saavedra/datasets/glioblastoma/SRR934885_CGGA_1079/STAR_37/sample_Chimeric.out.junction"	"/home/martin.saavedra/datasets/glioblastoma/SRR934885_CGGA_1079/STAR_37/sample_ReadsPerGene.out.tab"	BIN2:CELA1@chr12:51681892-chr12:51723617;DENND4C:ADAMTSL1@chr9:19347084-chr9:18745058
"/home/martin.saavedra/datasets/glioblastoma/SRR934915_CGGA_1251/STAR_37/sample_Aligned.sortedByCoord.out.bam"	"/home/martin.saavedra/datasets/glioblastoma/SRR934915_CGGA_1251/STAR_37/sample_Chimeric.out.junction"	"/home/martin.saavedra/datasets/glioblastoma/SRR934915_CGGA_1251/STAR_37/sample_ReadsPerGene.out.tab"	BRPF3:CLPSL1@chr6:36182163-chr6:35754775;FAM155A:COL4A1@chr13:108518030-chr13:110895081;BRPF3:CLPSL1@chr6:36178305-chr6:35754775;COL4A2:FAM155A@chr13:111082955-chr13:108265736;SEC61G:LANCL2@chr7:54823302-chr7:55444915;SEC61G:LANCL2@chr7:54823472-chr7:55438249
"/home/martin.saavedra/datasets/glioblastoma/SRR934929_CGGA_1324/STAR_37/sample_Aligned.sortedByCoord.out.bam"	"/home/martin.saavedra/datasets/glioblastoma/SRR934929_CGGA_1324/STAR_37/sample_Chimeric.out.junction"	"/home/martin.saavedra/datasets/glioblastoma/SRR934929_CGGA_1324/STAR_37/sample_ReadsPerGene.out.tab"	C15orf57:CBX3@chr15:40854974-chr7:26241386;CDK17:KCNC2@chr12:96694082-chr12:75445097;CDK17:KCNC2@chr12:96692647-chr12:75445097;MYO6:SENP6@chr6:76459140-chr6:76425101
"/home/martin.saavedra/datasets/glioblastoma/SRR934744_CGGA_374/STAR_37/sample_Aligned.sortedByCoord.out.bam"	"/home/martin.saavedra/datasets/glioblastoma/SRR934744_CGGA_374/STAR_37/sample_Chimeric.out.junction"	"/home/martin.saavedra/datasets/glioblastoma/SRR934744_CGGA_374/STAR_37/sample_ReadsPerGene.out.tab"	CBL:FBXO2@chr11:119169250-chr1:11710891;MGAT5:KIAA0825@chr2:135028121-chr5:93753085;TTLL11:FIBCD1@chr9:124854966-chr9:133787275;LINC00662:AP1M2@chr19:28283908-chr19:10694746;SREBF2:EFCAB6@chr22:42267065-chr22:44152139;ZBTB17:NEB@chr1:16299534-chr2:152518793
"/home/martin.saavedra/datasets/glioblastoma/SRR934875_CGGA_1049/STAR_37/sample_Aligned.sortedByCoord.out.bam"	"/home/martin.saavedra/datasets/glioblastoma/SRR934875_CGGA_1049/STAR_37/sample_Chimeric.out.junction"	"/home/martin.saavedra/datasets/glioblastoma/SRR934875_CGGA_1049/STAR_37/sample_ReadsPerGene.out.tab"	CCM2:OGDH@chr7:45078025-chr7:44706335;TPM3:ADAR@chr1:154155464-chr1:154575102
"/home/martin.saavedra/datasets/glioblastoma/SRR934900_CGGA_1170/STAR_37/sample_Aligned.sortedByCoord.out.bam"	"/home/martin.saavedra/datasets/glioblastoma/SRR934900_CGGA_1170/STAR_37/sample_Chimeric.out.junction"	"/home/martin.saavedra/datasets/glioblastoma/SRR934900_CGGA_1170/STAR_37/sample_ReadsPerGene.out.tab"	CDK4:TSFM@chr12:58143237-chr12:58196338;CTDSP2:SLC6A15@chr12:58240155-chr12:85270386;SFSWAP:TCP11L2@chr12:132250853-chr12:106704819;SP1:TMEM132D@chr12:53777404-chr12:130304370
"/home/martin.saavedra/datasets/glioblastoma/SRR934879_CGGA_1060/STAR_37/sample_Aligned.sortedByCoord.out.bam"	"/home/martin.saavedra/datasets/glioblastoma/SRR934879_CGGA_1060/STAR_37/sample_Chimeric.out.junction"	"/home/martin.saavedra/datasets/glioblastoma/SRR934879_CGGA_1060/STAR_37/sample_ReadsPerGene.out.tab"	CLSTN1:KAZN@chr1:9833330-chr1:15287180
"/home/martin.saavedra/datasets/glioblastoma/SRR934930_CGGA_1329/STAR_37/sample_Aligned.sortedByCoord.out.bam"	"/home/martin.saavedra/datasets/glioblastoma/SRR934930_CGGA_1329/STAR_37/sample_Chimeric.out.junction"	"/home/martin.saavedra/datasets/glioblastoma/SRR934930_CGGA_1329/STAR_37/sample_ReadsPerGene.out.tab"	COG3:GPC6@chr13:46085989-chr13:94958234;LHFP:SERP2@chr13:40174969-chr13:44971408;TCF7L1:KIF1B@chr2:85361573-chr1:10351140;URI1:SLC6A20@chr19:30433571-chr3:45807233;ZMIZ1:MAT1A@chr10:80961449-chr10:82036350;DHX35:LPAR1@chr20:37652410-chr9:113638002;TFDP2:LMBRD1@chr3:141868025-chr6:70451769;TRMT6:C11orf34@chr20:5930924-chr11:112126312
"/home/martin.saavedra/datasets/glioblastoma/SRR934784_CGGA_616/STAR_37/sample_Aligned.sortedByCoord.out.bam"	"/home/martin.saavedra/datasets/glioblastoma/SRR934784_CGGA_616/STAR_37/sample_Chimeric.out.junction"	"/home/martin.saavedra/datasets/glioblastoma/SRR934784_CGGA_616/STAR_37/sample_ReadsPerGene.out.tab"	CPNE5:ANXA6@chr6:36714173-chr5:150516882;CCDC136:FKBP9L@chr7:128445955-chr7:55755617;CCDC136:FKBP9L@chr7:128452366-chr7:55755617;CCDC136:FKBP9L@chr7:128453408-chr7:55757202;POLN:SH3BP2@chr4:2142612-chr4:2838586;SRGAP3:TATDN2@chr3:9231480-chr3:10298679
"/home/martin.saavedra/datasets/glioblastoma/SRR934890_CGGA_1113/STAR_37/sample_Aligned.sortedByCoord.out.bam"	"/home/martin.saavedra/datasets/glioblastoma/SRR934890_CGGA_1113/STAR_37/sample_Chimeric.out.junction"	"/home/martin.saavedra/datasets/glioblastoma/SRR934890_CGGA_1113/STAR_37/sample_ReadsPerGene.out.tab"	CTDSP2:XRCC6BP1@chr12:58240155-chr12:58339411;TSFM:R3HDM2@chr12:58177066-chr12:57704246
"/home/martin.saavedra/datasets/glioblastoma/SRR934874_CGGA_1045/STAR_37/sample_Aligned.sortedByCoord.out.bam"	"/home/martin.saavedra/datasets/glioblastoma/SRR934874_CGGA_1045/STAR_37/sample_Chimeric.out.junction"	"/home/martin.saavedra/datasets/glioblastoma/SRR934874_CGGA_1045/STAR_37/sample_ReadsPerGene.out.tab"	CXADR:C21orf37@chr21:18885490-chr21:18821183;CXADR:C21orf37@chr21:18885490-chr21:18813995;TFRC:IL1RAP@chr3:195781565-chr3:190284389
"/home/martin.saavedra/datasets/glioblastoma/SRR934867_CGGA_1024/STAR_37/sample_Aligned.sortedByCoord.out.bam"	"/home/martin.saavedra/datasets/glioblastoma/SRR934867_CGGA_1024/STAR_37/sample_Chimeric.out.junction"	"/home/martin.saavedra/datasets/glioblastoma/SRR934867_CGGA_1024/STAR_37/sample_ReadsPerGene.out.tab"	FAM117A:LGALS9@chr17:47841254-chr17:25972340;PLA2G6:CRYBB1@chr22:38535989-chr22:27012302;STAU1:CABP5@chr20:47782534-chr19:48537619;STAU1:CABP5@chr20:47790732-chr19:48537619
"/home/martin.saavedra/datasets/glioblastoma/SRR934737_CGGA_309/STAR_37/sample_Aligned.sortedByCoord.out.bam"	"/home/martin.saavedra/datasets/glioblastoma/SRR934737_CGGA_309/STAR_37/sample_Chimeric.out.junction"	"/home/martin.saavedra/datasets/glioblastoma/SRR934737_CGGA_309/STAR_37/sample_ReadsPerGene.out.tab"	FARP2:DTNB@chr2:242312705-chr2:25656864;RPAP3:CPNE8@chr12:48091382-chr12:39111972
"/home/martin.saavedra/datasets/glioblastoma/SRR934926_CGGA_1313/STAR_37/sample_Aligned.sortedByCoord.out.bam"	"/home/martin.saavedra/datasets/glioblastoma/SRR934926_CGGA_1313/STAR_37/sample_Chimeric.out.junction"	"/home/martin.saavedra/datasets/glioblastoma/SRR934926_CGGA_1313/STAR_37/sample_ReadsPerGene.out.tab"	FGFR3:TACC3@chr4:1808661-chr4:1737458;CHST3:PTCH2@chr10:73737822-chr1:45295583;CHST3:PTCH2@chr10:73737824-chr1:45295434
"/home/martin.saavedra/datasets/glioblastoma/SRR934837_CGGA_842/STAR_37/sample_Aligned.sortedByCoord.out.bam"	"/home/martin.saavedra/datasets/glioblastoma/SRR934837_CGGA_842/STAR_37/sample_Chimeric.out.junction"	"/home/martin.saavedra/datasets/glioblastoma/SRR934837_CGGA_842/STAR_37/sample_ReadsPerGene.out.tab"	FGFR3:TACC3@chr4:1808661-chr4:1739325
"/home/martin.saavedra/datasets/glioblastoma/SRR934889_CGGA_1109/STAR_37/sample_Aligned.sortedByCoord.out.bam"	"/home/martin.saavedra/datasets/glioblastoma/SRR934889_CGGA_1109/STAR_37/sample_Chimeric.out.junction"	"/home/martin.saavedra/datasets/glioblastoma/SRR934889_CGGA_1109/STAR_37/sample_ReadsPerGene.out.tab"	FGFR3:TACC3@chr4:1808661-chr4:1741429;IQSEC1:GP1BA@chr3:13083787-chr17:4835894;PER3:CAMTA1@chr1:7863908-chr1:6880505;RRN3P2:ANK2@chr16:29093362-chr4:114095572
"/home/martin.saavedra/datasets/glioblastoma/SRR934774_CGGA_578/STAR_37/sample_Aligned.sortedByCoord.out.bam"	"/home/martin.saavedra/datasets/glioblastoma/SRR934774_CGGA_578/STAR_37/sample_Chimeric.out.junction"	"/home/martin.saavedra/datasets/glioblastoma/SRR934774_CGGA_578/STAR_37/sample_ReadsPerGene.out.tab"	FRMD4A:PFKP@chr10:13779844-chr10:3155311;MRPS28:ASPH@chr8:80915234-chr8:62566219;ELAVL2:PLGRKT@chr9:23825804-chr9:5361888;NMU:LNX1@chr4:56496569-chr4:54341768;NMU:LNX1@chr4:56496569-chr4:54343494;PAK4:NFKBIB@chr19:39616559-chr19:39395655;PLGRKT:HSPBP1@chr9:5431897-chr19:55777654;PPP6R1:MLLT3@chr19:55743407-chr9:20479063;PPP6R1:MLLT3@chr19:55748012-chr9:20477992
"/home/martin.saavedra/datasets/glioblastoma/SRR934913_CGGA_1240/STAR_37/sample_Aligned.sortedByCoord.out.bam"	"/home/martin.saavedra/datasets/glioblastoma/SRR934913_CGGA_1240/STAR_37/sample_Chimeric.out.junction"	"/home/martin.saavedra/datasets/glioblastoma/SRR934913_CGGA_1240/STAR_37/sample_ReadsPerGene.out.tab"	GLTP:VPS29@chr12:110318077-chr12:110934008
"/home/martin.saavedra/datasets/glioblastoma/SRR934887_CGGA_1094/STAR_37/sample_Aligned.sortedByCoord.out.bam"	"/home/martin.saavedra/datasets/glioblastoma/SRR934887_CGGA_1094/STAR_37/sample_Chimeric.out.junction"	"/home/martin.saavedra/datasets/glioblastoma/SRR934887_CGGA_1094/STAR_37/sample_ReadsPerGene.out.tab"	GPR162:CCDC39@chr12:6935518-chr3:180372741;SLC6A8:GABRA3@chrX:152960088-chrX:151337035;CTC1:TMEM117@chr17:8146303-chr12:44468049;ELK1:GPRC5A@chrX:47509320-chr12:13065018;ELK1:GPRC5A@chrX:47509822-chr12:13065018;TMEM117:CTC1@chr12:44467608-chr17:8146303
"/home/martin.saavedra/datasets/glioblastoma/SRR934757_CGGA_491/STAR_37/sample_Aligned.sortedByCoord.out.bam"	"/home/martin.saavedra/datasets/glioblastoma/SRR934757_CGGA_491/STAR_37/sample_Chimeric.out.junction"	"/home/martin.saavedra/datasets/glioblastoma/SRR934757_CGGA_491/STAR_37/sample_ReadsPerGene.out.tab"	HUWE1:RIBC1@chrX:53672263-chrX:53453225
"/home/martin.saavedra/datasets/glioblastoma/SRR934810_CGGA_704/STAR_37/sample_Aligned.sortedByCoord.out.bam"	"/home/martin.saavedra/datasets/glioblastoma/SRR934810_CGGA_704/STAR_37/sample_Chimeric.out.junction"	"/home/martin.saavedra/datasets/glioblastoma/SRR934810_CGGA_704/STAR_37/sample_ReadsPerGene.out.tab"	IFT80:MLH1@chr3:160037548-chr3:37067128
"/home/martin.saavedra/datasets/glioblastoma/SRR934722_CGGA_245/STAR_37/sample_Aligned.sortedByCoord.out.bam"	"/home/martin.saavedra/datasets/glioblastoma/SRR934722_CGGA_245/STAR_37/sample_Chimeric.out.junction"	"/home/martin.saavedra/datasets/glioblastoma/SRR934722_CGGA_245/STAR_37/sample_ReadsPerGene.out.tab"	IL1RAP:FGF12@chr3:190338229-chr3:192078327
"/home/martin.saavedra/datasets/glioblastoma/SRR934883_CGGA_1077/STAR_37/sample_Aligned.sortedByCoord.out.bam"	"/home/martin.saavedra/datasets/glioblastoma/SRR934883_CGGA_1077/STAR_37/sample_Chimeric.out.junction"	"/home/martin.saavedra/datasets/glioblastoma/SRR934883_CGGA_1077/STAR_37/sample_ReadsPerGene.out.tab"	LANCL2:DNAH11@chr7:55479782-chr7:21840755;PXDC1:NFS1@chr6:3751510-chr20:34261606
"/home/martin.saavedra/datasets/glioblastoma/SRR934878_CGGA_1059/STAR_37/sample_Aligned.sortedByCoord.out.bam"	"/home/martin.saavedra/datasets/glioblastoma/SRR934878_CGGA_1059/STAR_37/sample_Chimeric.out.junction"	"/home/martin.saavedra/datasets/glioblastoma/SRR934878_CGGA_1059/STAR_37/sample_ReadsPerGene.out.tab"	MARCH6:MYO10@chr5:10405789-chr5:16711354
"/home/martin.saavedra/datasets/glioblastoma/SRR934868_CGGA_1026/STAR_37/sample_Aligned.sortedByCoord.out.bam"	"/home/martin.saavedra/datasets/glioblastoma/SRR934868_CGGA_1026/STAR_37/sample_Chimeric.out.junction"	"/home/martin.saavedra/datasets/glioblastoma/SRR934868_CGGA_1026/STAR_37/sample_ReadsPerGene.out.tab"	MLL3:CHGB@chr7:152008883-chr20:5896972;VHL:BRK1@chr3:10183871-chr3:10167310;AGAP2:TSFM@chr12:58130862-chr12:58179946;VHL:BRK1@chr3:10183871-chr3:10167953
"/home/martin.saavedra/datasets/glioblastoma/SRR934732_CGGA_274/STAR_37/sample_Aligned.sortedByCoord.out.bam"	"/home/martin.saavedra/datasets/glioblastoma/SRR934732_CGGA_274/STAR_37/sample_Chimeric.out.junction"	"/home/martin.saavedra/datasets/glioblastoma/SRR934732_CGGA_274/STAR_37/sample_ReadsPerGene.out.tab"	MTAP:C9orf92@chr9:21818201-chr9:16215897
"/home/martin.saavedra/datasets/glioblastoma/SRR934829_CGGA_802/STAR_37/sample_Aligned.sortedByCoord.out.bam"	"/home/martin.saavedra/datasets/glioblastoma/SRR934829_CGGA_802/STAR_37/sample_Chimeric.out.junction"	"/home/martin.saavedra/datasets/glioblastoma/SRR934829_CGGA_802/STAR_37/sample_ReadsPerGene.out.tab"	NEK6:RXRA@chr9:127089724-chr9:137320954;JAK1:HIVEP3@chr1:65339053-chr1:41984159;SCMH1:LIMA1@chr1:41651793-chr12:50642557
"/home/martin.saavedra/datasets/glioblastoma/SRR934846_CGGA_878/STAR_37/sample_Aligned.sortedByCoord.out.bam"	"/home/martin.saavedra/datasets/glioblastoma/SRR934846_CGGA_878/STAR_37/sample_Chimeric.out.junction"	"/home/martin.saavedra/datasets/glioblastoma/SRR934846_CGGA_878/STAR_37/sample_ReadsPerGene.out.tab"	NFATC3:CPNE2@chr16:68160513-chr16:57179997;EGFR:VSTM2A@chr7:55268106-chr7:54636824
"/home/martin.saavedra/datasets/glioblastoma/SRR934828_CGGA_796/STAR_37/sample_Aligned.sortedByCoord.out.bam"	"/home/martin.saavedra/datasets/glioblastoma/SRR934828_CGGA_796/STAR_37/sample_Chimeric.out.junction"	"/home/martin.saavedra/datasets/glioblastoma/SRR934828_CGGA_796/STAR_37/sample_ReadsPerGene.out.tab"	PITPNA:RAD51C@chr17:1461823-chr17:56809845
"/home/martin.saavedra/datasets/glioblastoma/SRR934893_CGGA_1119/STAR_37/sample_Aligned.sortedByCoord.out.bam"	"/home/martin.saavedra/datasets/glioblastoma/SRR934893_CGGA_1119/STAR_37/sample_Chimeric.out.junction"	"/home/martin.saavedra/datasets/glioblastoma/SRR934893_CGGA_1119/STAR_37/sample_ReadsPerGene.out.tab"	PLAGL2:HCK@chr20:30789722-chr20:30659465;KIAA0430:SPR@chr16:15705449-chr2:73118476
"/home/martin.saavedra/datasets/glioblastoma/SRR934911_CGGA_1234/STAR_37/sample_Aligned.sortedByCoord.out.bam"	"/home/martin.saavedra/datasets/glioblastoma/SRR934911_CGGA_1234/STAR_37/sample_Chimeric.out.junction"	"/home/martin.saavedra/datasets/glioblastoma/SRR934911_CGGA_1234/STAR_37/sample_ReadsPerGene.out.tab"	PODXL:BGN@chr7:131241019-chrX:152770079;ZNF787:GPR4@chr19:56614508-chr19:46095955
"/home/martin.saavedra/datasets/glioblastoma/SRR934922_CGGA_1287/STAR_37/sample_Aligned.sortedByCoord.out.bam"	"/home/martin.saavedra/datasets/glioblastoma/SRR934922_CGGA_1287/STAR_37/sample_Chimeric.out.junction"	"/home/martin.saavedra/datasets/glioblastoma/SRR934922_CGGA_1287/STAR_37/sample_ReadsPerGene.out.tab"	PTN:DGKI@chr7:136935977-chr7:137096953
"/home/martin.saavedra/datasets/glioblastoma/SRR934794_CGGA_661/STAR_37/sample_Aligned.sortedByCoord.out.bam"	"/home/martin.saavedra/datasets/glioblastoma/SRR934794_CGGA_661/STAR_37/sample_Chimeric.out.junction"	"/home/martin.saavedra/datasets/glioblastoma/SRR934794_CGGA_661/STAR_37/sample_ReadsPerGene.out.tab"	PTPRZ1:MET@chr7:121513611-chr7:116339125
"/home/martin.saavedra/datasets/glioblastoma/SRR934881_CGGA_1068/STAR_37/sample_Aligned.sortedByCoord.out.bam"	"/home/martin.saavedra/datasets/glioblastoma/SRR934881_CGGA_1068/STAR_37/sample_Chimeric.out.junction"	"/home/martin.saavedra/datasets/glioblastoma/SRR934881_CGGA_1068/STAR_37/sample_ReadsPerGene.out.tab"	PTPRZ1:MET@chr7:121608184-chr7:116339125
"/home/martin.saavedra/datasets/glioblastoma/SRR934813_CGGA_D64/STAR_37/sample_Aligned.sortedByCoord.out.bam"	"/home/martin.saavedra/datasets/glioblastoma/SRR934813_CGGA_D64/STAR_37/sample_Chimeric.out.junction"	"/home/martin.saavedra/datasets/glioblastoma/SRR934813_CGGA_D64/STAR_37/sample_ReadsPerGene.out.tab"	PTPRZ1:MET@chr7:121624171-chr7:116339125;RIMKLB:MICALL2@chr12:8866637-chr7:1488397
"/home/martin.saavedra/datasets/glioblastoma/SRR934892_CGGA_1118/STAR_37/sample_Aligned.sortedByCoord.out.bam"	"/home/martin.saavedra/datasets/glioblastoma/SRR934892_CGGA_1118/STAR_37/sample_Chimeric.out.junction"	"/home/martin.saavedra/datasets/glioblastoma/SRR934892_CGGA_1118/STAR_37/sample_ReadsPerGene.out.tab"	PVRL2:SNTG1@chr19:45349870-chr8:51442737
"/home/martin.saavedra/datasets/glioblastoma/SRR934918_CGGA_1272/STAR_37/sample_Aligned.sortedByCoord.out.bam"	"/home/martin.saavedra/datasets/glioblastoma/SRR934918_CGGA_1272/STAR_37/sample_Chimeric.out.junction"	"/home/martin.saavedra/datasets/glioblastoma/SRR934918_CGGA_1272/STAR_37/sample_ReadsPerGene.out.tab"	PVRL2:SNTG1@chr19:45349870-chr8:51442737;ST7:CTTNBP2@chr7:116593745-chr7:117396688
"/home/martin.saavedra/datasets/glioblastoma/SRR934959_CGGA_D27/STAR_37/sample_Aligned.sortedByCoord.out.bam"	"/home/martin.saavedra/datasets/glioblastoma/SRR934959_CGGA_D27/STAR_37/sample_Chimeric.out.junction"	"/home/martin.saavedra/datasets/glioblastoma/SRR934959_CGGA_D27/STAR_37/sample_ReadsPerGene.out.tab"	RNF213:SLC26A11@chr17:78237577-chr17:78210727
"/home/martin.saavedra/datasets/glioblastoma/SRR934781_CGGA_604/STAR_37/sample_Aligned.sortedByCoord.out.bam"	"/home/martin.saavedra/datasets/glioblastoma/SRR934781_CGGA_604/STAR_37/sample_Chimeric.out.junction"	"/home/martin.saavedra/datasets/glioblastoma/SRR934781_CGGA_604/STAR_37/sample_ReadsPerGene.out.tab"	RNF213:SLC26A11@chr17:78237577-chr17:78210727
"/home/martin.saavedra/datasets/glioblastoma/SRR934833_CGGA_815/STAR_37/sample_Aligned.sortedByCoord.out.bam"	"/home/martin.saavedra/datasets/glioblastoma/SRR934833_CGGA_815/STAR_37/sample_Chimeric.out.junction"	"/home/martin.saavedra/datasets/glioblastoma/SRR934833_CGGA_815/STAR_37/sample_ReadsPerGene.out.tab"	SH3GL1:CHAF1A@chr19:4364085-chr19:4422563;RRN3P2:ANK2@chr16:29093362-chr4:114095572
"/home/martin.saavedra/datasets/glioblastoma/SRR934758_CGGA_493/STAR_37/sample_Aligned.sortedByCoord.out.bam"	"/home/martin.saavedra/datasets/glioblastoma/SRR934758_CGGA_493/STAR_37/sample_Chimeric.out.junction"	"/home/martin.saavedra/datasets/glioblastoma/SRR934758_CGGA_493/STAR_37/sample_ReadsPerGene.out.tab"	TGFB1:SAE1@chr19:41854200-chr19:47673075
"/home/martin.saavedra/datasets/glioblastoma/SRR934780_CGGA_603/STAR_37/sample_Aligned.sortedByCoord.out.bam"	"/home/martin.saavedra/datasets/glioblastoma/SRR934780_CGGA_603/STAR_37/sample_Chimeric.out.junction"	"/home/martin.saavedra/datasets/glioblastoma/SRR934780_CGGA_603/STAR_37/sample_ReadsPerGene.out.tab"	VEZT:CORO1C@chr12:95645847-chr12:109055934;ANO4:GALNT9@chr12:101218863-chr12:132691962;C2CD3:SMAD9@chr11:73801858-chr13:37454012;CHFR:SMARCD1@chr12:133463782-chr12:50488220;DEPDC5:ALDH18A1@chr22:32164849-chr10:97393406;FAM222A:SIRT4@chr12:110152702-chr12:120741364;GRIP1:RNFT2@chr12:66923611-chr12:117217000;PITPNM2:ACSS3@chr12:123594932-chr12:81503339;PPP1R12A:OS9@chr12:80328475-chr12:58109543;VEZT:CORO1C@chr12:95656857-chr12:109055934;ZNF140:CUX2@chr12:133660146-chr12:111620521
"/home/martin.saavedra/datasets/glioblastoma/SRR934772_CGGA_564/STAR_37/sample_Aligned.sortedByCoord.out.bam"	"/home/martin.saavedra/datasets/glioblastoma/SRR934772_CGGA_564/STAR_37/sample_Chimeric.out.junction"	"/home/martin.saavedra/datasets/glioblastoma/SRR934772_CGGA_564/STAR_37/sample_ReadsPerGene.out.tab"	ZC3H11A:REN@chr1:203816815-chr1:204131291
"/home/martin.saavedra/datasets/glioblastoma/SRR934938_CGGA_1381/STAR_37/sample_Aligned.sortedByCoord.out.bam"	"/home/martin.saavedra/datasets/glioblastoma/SRR934938_CGGA_1381/STAR_37/sample_Chimeric.out.junction"	"/home/martin.saavedra/datasets/glioblastoma/SRR934938_CGGA_1381/STAR_37/sample_ReadsPerGene.out.tab"	A2M:NOL10@chr12:9256882-chr2:10784618;AVIL:VSNL1@chr12:58204601-chr2:17744679;C2orf48:PRMT8@chr2:10282502-chr12:3649772;PRMT8:LAPTM4A@chr12:3675238-chr2:20251172;PTPN1:CHMP4B@chr20:49127127-chr20:32436273;TOM1L2:IGSF9B@chr17:17872924-chr11:133804184;VSNL1:AVIL@chr2:17744677-chr12:58204132
"/home/martin.saavedra/datasets/glioblastoma/SRR934845_CGGA_876/STAR_37/sample_Aligned.sortedByCoord.out.bam"	"/home/martin.saavedra/datasets/glioblastoma/SRR934845_CGGA_876/STAR_37/sample_Chimeric.out.junction"	"/home/martin.saavedra/datasets/glioblastoma/SRR934845_CGGA_876/STAR_37/sample_ReadsPerGene.out.tab"	ACER3:PAK1@chr11:76637711-chr11:77034405
"/home/martin.saavedra/datasets/glioblastoma/SRR934899_CGGA_1160/STAR_37/sample_Aligned.sortedByCoord.out.bam"	"/home/martin.saavedra/datasets/glioblastoma/SRR934899_CGGA_1160/STAR_37/sample_Chimeric.out.junction"	"/home/martin.saavedra/datasets/glioblastoma/SRR934899_CGGA_1160/STAR_37/sample_ReadsPerGene.out.tab"	ADNP2:ITGB3BP@chr18:77867356-chr1:63920639;ADNP2:ITGB3BP@chr18:77867356-chr1:63955889;LMBR1L:GALNT9@chr12:49491348-chr12:132834424;PPP1R12A:C12orf42@chr12:80328475-chr12:103716237
"/home/martin.saavedra/datasets/glioblastoma/SRR934800_CGGA_676/STAR_37/sample_Aligned.sortedByCoord.out.bam"	"/home/martin.saavedra/datasets/glioblastoma/SRR934800_CGGA_676/STAR_37/sample_Chimeric.out.junction"	"/home/martin.saavedra/datasets/glioblastoma/SRR934800_CGGA_676/STAR_37/sample_ReadsPerGene.out.tab"	BAZ2A:LRP1@chr12:57007681-chr12:57539273;BAZ2A:METTL1@chr12:57023909-chr12:58163739;BAZ2A:METTL1@chr12:57024560-chr12:58165040;CS:STAT6@chr12:56693946-chr12:57498915;LRP1:BAZ2A@chr12:57538883-chr12:57007681;LRP1:BAZ2A@chr12:57539273-chr12:57007681;NAB2:TAC3@chr12:57487381-chr12:57404072;RBMS2:LRP1@chr12:56986178-chr12:57524059;RDH16:R3HDM2@chr12:57348885-chr12:57663776;SMARCC2:TSFM@chr12:56568337-chr12:58185706
"/home/martin.saavedra/datasets/glioblastoma/SRR934882_CGGA_1072/STAR_37/sample_Aligned.sortedByCoord.out.bam"	"/home/martin.saavedra/datasets/glioblastoma/SRR934882_CGGA_1072/STAR_37/sample_Chimeric.out.junction"	"/home/martin.saavedra/datasets/glioblastoma/SRR934882_CGGA_1072/STAR_37/sample_ReadsPerGene.out.tab"	C1orf21:MIXL1@chr1:184356502-chr1:226413208
"/home/martin.saavedra/datasets/glioblastoma/SRR934847_CGGA_884/STAR_37/sample_Aligned.sortedByCoord.out.bam"	"/home/martin.saavedra/datasets/glioblastoma/SRR934847_CGGA_884/STAR_37/sample_Chimeric.out.junction"	"/home/martin.saavedra/datasets/glioblastoma/SRR934847_CGGA_884/STAR_37/sample_ReadsPerGene.out.tab"	C2CD3:SMAD9@chr11:73801858-chr13:37454012
"/home/martin.saavedra/datasets/glioblastoma/SRR934963_CGGA_D33/STAR_37/sample_Aligned.sortedByCoord.out.bam"	"/home/martin.saavedra/datasets/glioblastoma/SRR934963_CGGA_D33/STAR_37/sample_Chimeric.out.junction"	"/home/martin.saavedra/datasets/glioblastoma/SRR934963_CGGA_D33/STAR_37/sample_ReadsPerGene.out.tab"	COL22A1:BMP7@chr8:139732982-chr20:55750063
"/home/martin.saavedra/datasets/glioblastoma/SRR934916_CGGA_1263/STAR_37/sample_Aligned.sortedByCoord.out.bam"	"/home/martin.saavedra/datasets/glioblastoma/SRR934916_CGGA_1263/STAR_37/sample_Chimeric.out.junction"	"/home/martin.saavedra/datasets/glioblastoma/SRR934916_CGGA_1263/STAR_37/sample_ReadsPerGene.out.tab"	COQ10A:NINJ2@chr12:56664104-chr12:721236;COQ10A:NINJ2@chr12:56664098-chr12:721230
"/home/martin.saavedra/datasets/glioblastoma/SRR934968_CGGA_D39/STAR_37/sample_Aligned.sortedByCoord.out.bam"	"/home/martin.saavedra/datasets/glioblastoma/SRR934968_CGGA_D39/STAR_37/sample_Chimeric.out.junction"	"/home/martin.saavedra/datasets/glioblastoma/SRR934968_CGGA_D39/STAR_37/sample_ReadsPerGene.out.tab"	CTNND1:TMEM135@chr11:57529518-chr11:86947680;RTN3:TRPC6@chr11:63449250-chr11:101325832;SIGLEC8:MBOAT7@chr19:51957032-chr19:54683165
"/home/martin.saavedra/datasets/glioblastoma/SRR934809_CGGA_700/STAR_37/sample_Aligned.sortedByCoord.out.bam"	"/home/martin.saavedra/datasets/glioblastoma/SRR934809_CGGA_700/STAR_37/sample_Chimeric.out.junction"	"/home/martin.saavedra/datasets/glioblastoma/SRR934809_CGGA_700/STAR_37/sample_ReadsPerGene.out.tab"	CUL1:CNTNAP2@chr7:148396121-chr7:147869334
"/home/martin.saavedra/datasets/glioblastoma/SRR934803_CGGA_680/STAR_37/sample_Aligned.sortedByCoord.out.bam"	"/home/martin.saavedra/datasets/glioblastoma/SRR934803_CGGA_680/STAR_37/sample_Chimeric.out.junction"	"/home/martin.saavedra/datasets/glioblastoma/SRR934803_CGGA_680/STAR_37/sample_ReadsPerGene.out.tab"	DGKE:CACNA1G@chr17:54940684-chr17:48682981
"/home/martin.saavedra/datasets/glioblastoma/SRR934866_CGGA_1022/STAR_37/sample_Aligned.sortedByCoord.out.bam"	"/home/martin.saavedra/datasets/glioblastoma/SRR934866_CGGA_1022/STAR_37/sample_Chimeric.out.junction"	"/home/martin.saavedra/datasets/glioblastoma/SRR934866_CGGA_1022/STAR_37/sample_ReadsPerGene.out.tab"	EDC3:COX5A@chr15:74988221-chr15:75216111
"/home/martin.saavedra/datasets/glioblastoma/SRR934801_CGGA_678/STAR_37/sample_Aligned.sortedByCoord.out.bam"	"/home/martin.saavedra/datasets/glioblastoma/SRR934801_CGGA_678/STAR_37/sample_Chimeric.out.junction"	"/home/martin.saavedra/datasets/glioblastoma/SRR934801_CGGA_678/STAR_37/sample_ReadsPerGene.out.tab"	EML1:EVL@chr14:100259879-chr14:100551200;ZNF564:TUT1@chr19:12662144-chr11:62349173
"/home/martin.saavedra/datasets/glioblastoma/SRR934821_CGGA_761/STAR_37/sample_Aligned.sortedByCoord.out.bam"	"/home/martin.saavedra/datasets/glioblastoma/SRR934821_CGGA_761/STAR_37/sample_Chimeric.out.junction"	"/home/martin.saavedra/datasets/glioblastoma/SRR934821_CGGA_761/STAR_37/sample_ReadsPerGene.out.tab"	ESAM:MSANTD2@chr11:124624853-chr11:124648622;MSANTD2:ESAM@chr11:124648622-chr11:124624853
"/home/martin.saavedra/datasets/glioblastoma/SRR934927_CGGA_1314/STAR_37/sample_Aligned.sortedByCoord.out.bam"	"/home/martin.saavedra/datasets/glioblastoma/SRR934927_CGGA_1314/STAR_37/sample_Chimeric.out.junction"	"/home/martin.saavedra/datasets/glioblastoma/SRR934927_CGGA_1314/STAR_37/sample_ReadsPerGene.out.tab"	ETV6:NELL2@chr12:11803094-chr12:45209919
"/home/martin.saavedra/datasets/glioblastoma/SRR934923_CGGA_1292/STAR_37/sample_Aligned.sortedByCoord.out.bam"	"/home/martin.saavedra/datasets/glioblastoma/SRR934923_CGGA_1292/STAR_37/sample_Chimeric.out.junction"	"/home/martin.saavedra/datasets/glioblastoma/SRR934923_CGGA_1292/STAR_37/sample_ReadsPerGene.out.tab"	FAM222A:MVK@chr12:110152702-chr12:110012614
"/home/martin.saavedra/datasets/glioblastoma/SRR934851_CGGA_899/STAR_37/sample_Aligned.sortedByCoord.out.bam"	"/home/martin.saavedra/datasets/glioblastoma/SRR934851_CGGA_899/STAR_37/sample_Chimeric.out.junction"	"/home/martin.saavedra/datasets/glioblastoma/SRR934851_CGGA_899/STAR_37/sample_ReadsPerGene.out.tab"	FOXP2:CAPZA2@chr7:114206015-chr7:116502706;FOXP2:MET@chr7:114202653-chr7:116339125
"/home/martin.saavedra/datasets/glioblastoma/SRR934962_CGGA_D32/STAR_37/sample_Aligned.sortedByCoord.out.bam"	"/home/martin.saavedra/datasets/glioblastoma/SRR934962_CGGA_D32/STAR_37/sample_Chimeric.out.junction"	"/home/martin.saavedra/datasets/glioblastoma/SRR934962_CGGA_D32/STAR_37/sample_ReadsPerGene.out.tab"	GOLPH3:APBB1IP@chr5:32173916-chr10:26781256
"/home/martin.saavedra/datasets/glioblastoma/SRR934961_CGGA_D03/STAR_37/sample_Aligned.sortedByCoord.out.bam"	"/home/martin.saavedra/datasets/glioblastoma/SRR934961_CGGA_D03/STAR_37/sample_Chimeric.out.junction"	"/home/martin.saavedra/datasets/glioblastoma/SRR934961_CGGA_D03/STAR_37/sample_ReadsPerGene.out.tab"	GOLPH3:APBB1IP@chr5:32173916-chr10:26781256
"/home/martin.saavedra/datasets/glioblastoma/SRR934778_CGGA_599/STAR_37/sample_Aligned.sortedByCoord.out.bam"	"/home/martin.saavedra/datasets/glioblastoma/SRR934778_CGGA_599/STAR_37/sample_Chimeric.out.junction"	"/home/martin.saavedra/datasets/glioblastoma/SRR934778_CGGA_599/STAR_37/sample_ReadsPerGene.out.tab"	IP6K2:USP19@chr3:48732523-chr3:49145961
"/home/martin.saavedra/datasets/glioblastoma/SRR934984_CGGA_D09/STAR_37/sample_Aligned.sortedByCoord.out.bam"	"/home/martin.saavedra/datasets/glioblastoma/SRR934984_CGGA_D09/STAR_37/sample_Chimeric.out.junction"	"/home/martin.saavedra/datasets/glioblastoma/SRR934984_CGGA_D09/STAR_37/sample_ReadsPerGene.out.tab"	KSR1:PKN3@chr17:25937224-chr9:131467582
"/home/martin.saavedra/datasets/glioblastoma/SRR934798_CGGA_671/STAR_37/sample_Aligned.sortedByCoord.out.bam"	"/home/martin.saavedra/datasets/glioblastoma/SRR934798_CGGA_671/STAR_37/sample_Chimeric.out.junction"	"/home/martin.saavedra/datasets/glioblastoma/SRR934798_CGGA_671/STAR_37/sample_ReadsPerGene.out.tab"	LAMA1:PTPRM@chr18:7079977-chr18:7573555
"/home/martin.saavedra/datasets/glioblastoma/SRR934804_CGGA_681/STAR_37/sample_Aligned.sortedByCoord.out.bam"	"/home/martin.saavedra/datasets/glioblastoma/SRR934804_CGGA_681/STAR_37/sample_Chimeric.out.junction"	"/home/martin.saavedra/datasets/glioblastoma/SRR934804_CGGA_681/STAR_37/sample_ReadsPerGene.out.tab"	LAMA1:PTPRM@chr18:7079977-chr18:7573555
"/home/martin.saavedra/datasets/glioblastoma/SRR934937_CGGA_1375/STAR_37/sample_Aligned.sortedByCoord.out.bam"	"/home/martin.saavedra/datasets/glioblastoma/SRR934937_CGGA_1375/STAR_37/sample_Chimeric.out.junction"	"/home/martin.saavedra/datasets/glioblastoma/SRR934937_CGGA_1375/STAR_37/sample_ReadsPerGene.out.tab"	LNX2:LHFP@chr13:28194154-chr13:39952662;LNX2:LHFP@chr13:28194512-chr13:39952663
"/home/martin.saavedra/datasets/glioblastoma/SRR934747_CGGA_426/STAR_37/sample_Aligned.sortedByCoord.out.bam"	"/home/martin.saavedra/datasets/glioblastoma/SRR934747_CGGA_426/STAR_37/sample_Chimeric.out.junction"	"/home/martin.saavedra/datasets/glioblastoma/SRR934747_CGGA_426/STAR_37/sample_ReadsPerGene.out.tab"	LPCAT1:DENND3@chr5:1473563-chr8:142182801;STK3:VPS13B@chr8:99837743-chr8:100396436
"/home/martin.saavedra/datasets/glioblastoma/SRR934761_CGGA_499/STAR_37/sample_Aligned.sortedByCoord.out.bam"	"/home/martin.saavedra/datasets/glioblastoma/SRR934761_CGGA_499/STAR_37/sample_Chimeric.out.junction"	"/home/martin.saavedra/datasets/glioblastoma/SRR934761_CGGA_499/STAR_37/sample_ReadsPerGene.out.tab"	LRRFIP2:GOLGA4@chr3:37116517-chr3:37401203
"/home/martin.saavedra/datasets/glioblastoma/SRR934840_CGGA_850/STAR_37/sample_Aligned.sortedByCoord.out.bam"	"/home/martin.saavedra/datasets/glioblastoma/SRR934840_CGGA_850/STAR_37/sample_Chimeric.out.junction"	"/home/martin.saavedra/datasets/glioblastoma/SRR934840_CGGA_850/STAR_37/sample_ReadsPerGene.out.tab"	MACF1:AHDC1@chr1:39550110-chr1:27885394
"/home/martin.saavedra/datasets/glioblastoma/SRR934944_CGGA_1409/STAR_37/sample_Aligned.sortedByCoord.out.bam"	"/home/martin.saavedra/datasets/glioblastoma/SRR934944_CGGA_1409/STAR_37/sample_Chimeric.out.junction"	"/home/martin.saavedra/datasets/glioblastoma/SRR934944_CGGA_1409/STAR_37/sample_ReadsPerGene.out.tab"	MAX:TTC7B@chr14:65560426-chr14:91161922;RRN3P2:ANK2@chr16:29093362-chr4:114095572
"/home/martin.saavedra/datasets/glioblastoma/SRR934979_CGGA_D57/STAR_37/sample_Aligned.sortedByCoord.out.bam"	"/home/martin.saavedra/datasets/glioblastoma/SRR934979_CGGA_D57/STAR_37/sample_Chimeric.out.junction"	"/home/martin.saavedra/datasets/glioblastoma/SRR934979_CGGA_D57/STAR_37/sample_ReadsPerGene.out.tab"	MECOM:GAP43@chr3:169098975-chr3:115439641;ZNF160:ZNF415@chr19:53606518-chr19:53625996
"/home/martin.saavedra/datasets/glioblastoma/SRR934730_CGGA_272/STAR_37/sample_Aligned.sortedByCoord.out.bam"	"/home/martin.saavedra/datasets/glioblastoma/SRR934730_CGGA_272/STAR_37/sample_Chimeric.out.junction"	"/home/martin.saavedra/datasets/glioblastoma/SRR934730_CGGA_272/STAR_37/sample_ReadsPerGene.out.tab"	MID1:ARHGAP6@chrX:10491132-chrX:11215116
"/home/martin.saavedra/datasets/glioblastoma/SRR934990_CGGA_J023/STAR_37/sample_Aligned.sortedByCoord.out.bam"	"/home/martin.saavedra/datasets/glioblastoma/SRR934990_CGGA_J023/STAR_37/sample_Chimeric.out.junction"	"/home/martin.saavedra/datasets/glioblastoma/SRR934990_CGGA_J023/STAR_37/sample_ReadsPerGene.out.tab"	NPAT:RPS11@chr11:108064684-chr19:50002769
"/home/martin.saavedra/datasets/glioblastoma/SRR934860_CGGA_1007/STAR_37/sample_Aligned.sortedByCoord.out.bam"	"/home/martin.saavedra/datasets/glioblastoma/SRR934860_CGGA_1007/STAR_37/sample_Chimeric.out.junction"	"/home/martin.saavedra/datasets/glioblastoma/SRR934860_CGGA_1007/STAR_37/sample_ReadsPerGene.out.tab"	NUS1:SLC25A13@chr6:117996902-chr7:95751031;SORL1:CNTNAP2@chr11:121367757-chr7:146397921
"/home/martin.saavedra/datasets/glioblastoma/SRR934820_CGGA_757/STAR_37/sample_Aligned.sortedByCoord.out.bam"	"/home/martin.saavedra/datasets/glioblastoma/SRR934820_CGGA_757/STAR_37/sample_Chimeric.out.junction"	"/home/martin.saavedra/datasets/glioblastoma/SRR934820_CGGA_757/STAR_37/sample_ReadsPerGene.out.tab"	PAK4:AKT2@chr19:39616559-chr19:40762961;PAK4:AKT2@chr19:39616559-chr19:40771258
"/home/martin.saavedra/datasets/glioblastoma/SRR934835_CGGA_837/STAR_37/sample_Aligned.sortedByCoord.out.bam"	"/home/martin.saavedra/datasets/glioblastoma/SRR934835_CGGA_837/STAR_37/sample_Chimeric.out.junction"	"/home/martin.saavedra/datasets/glioblastoma/SRR934835_CGGA_837/STAR_37/sample_ReadsPerGene.out.tab"	PTEN:COL17A1@chr10:89624305-chr10:105819353;PTEN:COL17A1@chr10:89626679-chr10:105819490
"/home/martin.saavedra/datasets/glioblastoma/SRR934906_CGGA_1197/STAR_37/sample_Aligned.sortedByCoord.out.bam"	"/home/martin.saavedra/datasets/glioblastoma/SRR934906_CGGA_1197/STAR_37/sample_Chimeric.out.junction"	"/home/martin.saavedra/datasets/glioblastoma/SRR934906_CGGA_1197/STAR_37/sample_ReadsPerGene.out.tab"	RAB3C:CNTN5@chr5:58021947-chr11:100226848
"/home/martin.saavedra/datasets/glioblastoma/SRR934751_CGGA_458/STAR_37/sample_Aligned.sortedByCoord.out.bam"	"/home/martin.saavedra/datasets/glioblastoma/SRR934751_CGGA_458/STAR_37/sample_Chimeric.out.junction"	"/home/martin.saavedra/datasets/glioblastoma/SRR934751_CGGA_458/STAR_37/sample_ReadsPerGene.out.tab"	RIMKLB:MICALL2@chr12:8866637-chr7:1488397
"/home/martin.saavedra/datasets/glioblastoma/SRR934933_CGGA_1340/STAR_37/sample_Aligned.sortedByCoord.out.bam"	"/home/martin.saavedra/datasets/glioblastoma/SRR934933_CGGA_1340/STAR_37/sample_Chimeric.out.junction"	"/home/martin.saavedra/datasets/glioblastoma/SRR934933_CGGA_1340/STAR_37/sample_ReadsPerGene.out.tab"	RRN3P2:ANK2@chr16:29093362-chr4:114095572
"/home/martin.saavedra/datasets/glioblastoma/SRR934949_CGGA_D11/STAR_37/sample_Aligned.sortedByCoord.out.bam"	"/home/martin.saavedra/datasets/glioblastoma/SRR934949_CGGA_D11/STAR_37/sample_Chimeric.out.junction"	"/home/martin.saavedra/datasets/glioblastoma/SRR934949_CGGA_D11/STAR_37/sample_ReadsPerGene.out.tab"	SCHIP1:ACOT9@chr3:159584070-chrX:23750763
"/home/martin.saavedra/datasets/glioblastoma/SRR934925_CGGA_1307/STAR_37/sample_Aligned.sortedByCoord.out.bam"	"/home/martin.saavedra/datasets/glioblastoma/SRR934925_CGGA_1307/STAR_37/sample_Chimeric.out.junction"	"/home/martin.saavedra/datasets/glioblastoma/SRR934925_CGGA_1307/STAR_37/sample_ReadsPerGene.out.tab"	SLC2A8:KPNA3@chr9:130159565-chr13:50307182
"/home/martin.saavedra/datasets/glioblastoma/SRR934988_CGGA_J100/STAR_37/sample_Aligned.sortedByCoord.out.bam"	"/home/martin.saavedra/datasets/glioblastoma/SRR934988_CGGA_J100/STAR_37/sample_Chimeric.out.junction"	"/home/martin.saavedra/datasets/glioblastoma/SRR934988_CGGA_J100/STAR_37/sample_ReadsPerGene.out.tab"	SSH2:RTN1@chr17:28022477-chr14:60074210
"/home/martin.saavedra/datasets/glioblastoma/SRR934790_CGGA_643/STAR_37/sample_Aligned.sortedByCoord.out.bam"	"/home/martin.saavedra/datasets/glioblastoma/SRR934790_CGGA_643/STAR_37/sample_Chimeric.out.junction"	"/home/martin.saavedra/datasets/glioblastoma/SRR934790_CGGA_643/STAR_37/sample_ReadsPerGene.out.tab"	SSPN:GRIN2B@chr12:26384918-chr12:14018732;STAT2:CD9@chr12:56750226-chr12:6315056
"/home/martin.saavedra/datasets/glioblastoma/SRR934740_CGGA_323/STAR_37/sample_Aligned.sortedByCoord.out.bam"	"/home/martin.saavedra/datasets/glioblastoma/SRR934740_CGGA_323/STAR_37/sample_Chimeric.out.junction"	"/home/martin.saavedra/datasets/glioblastoma/SRR934740_CGGA_323/STAR_37/sample_ReadsPerGene.out.tab"	TTC19:ADORA2B@chr17:15930016-chr17:15877993
"/home/martin.saavedra/datasets/glioblastoma/SRR934765_CGGA_D63/STAR_37/sample_Aligned.sortedByCoord.out.bam"	"/home/martin.saavedra/datasets/glioblastoma/SRR934765_CGGA_D63/STAR_37/sample_Chimeric.out.junction"	"/home/martin.saavedra/datasets/glioblastoma/SRR934765_CGGA_D63/STAR_37/sample_ReadsPerGene.out.tab"	UBE3C:CNTNAP2@chr7:157024021-chr7:148106483
"/home/martin.saavedra/datasets/glioblastoma/SRR934975_CGGA_D48/STAR_37/sample_Aligned.sortedByCoord.out.bam"	"/home/martin.saavedra/datasets/glioblastoma/SRR934975_CGGA_D48/STAR_37/sample_Chimeric.out.junction"	"/home/martin.saavedra/datasets/glioblastoma/SRR934975_CGGA_D48/STAR_37/sample_ReadsPerGene.out.tab"	ZNF564:FARSA@chr19:12662144-chr19:13039661
"/home/martin.saavedra/datasets/glioblastoma/SRR934808_CGGA_698/STAR_37/sample_Aligned.sortedByCoord.out.bam"	"/home/martin.saavedra/datasets/glioblastoma/SRR934808_CGGA_698/STAR_37/sample_Chimeric.out.junction"	"/home/martin.saavedra/datasets/glioblastoma/SRR934808_CGGA_698/STAR_37/sample_ReadsPerGene.out.tab"	ZNF804A:PHLPP1@chr2:185463797-chr18:60497268
"/home/martin.saavedra/datasets/glioblastoma/SRR934953_CGGA_D18/STAR_37/sample_Aligned.sortedByCoord.out.bam"	"/home/martin.saavedra/datasets/glioblastoma/SRR934953_CGGA_D18/STAR_37/sample_Chimeric.out.junction"	"/home/martin.saavedra/datasets/glioblastoma/SRR934953_CGGA_D18/STAR_37/sample_ReadsPerGene.out.tab"	ZNF814:ZNF417@chr19:58400138-chr19:58421072